<?xml version="1.0" encoding="UTF-8" ?>
<extension type="package" method="upgrade">
    <name>Email-to-Username Authentication</name>
    <creationDate>2024-MAR-03</creationDate>
    <copyright>Copyright (C) 2005 - 2011 Michael Richey. (C) 2024 Merrill Squiers. All rights reserved.</copyright>
    <packagename>emailx</packagename>
    <license>GNU General Public License version 2 or later; see LICENSE.txt</license>
    <version>5.0.1</version>
    <url>https://www.github.com/muddygs</url>
    <author>Merrill Squiers/Michael Richey</author>
    <authorEmail>muddygs@gmail.com</authorEmail>
    <authorUrl>https://www.github.com/muddygs</authorUrl>
    <description>Email-to-username authentication</description>
    <files folder="packages">
        <file type="plugin" id="emailx" group="system">plg_system_emailx-5.0.0.zip</file>
        <file type="plugin" id="emailx" group="authentication">plg_auth_emailx-5.0.0.zip</file>
    </files>
    <updateservers>
        <server type="extension" priority="1" name="Update Site">https://raw.githubusercontent.com/muddygs/plg_authentication_emailx/main/updates/authemail.xml</server>
    </updateservers>
</extension>
