<?xml version="1.0" encoding="UTF-8" ?>
<extension type="package" method="upgrade">
    <name>Authentication - Emailx</name>
    <creationDate>June 2023</creationDate>
    <packagename>emailx</packagename>
    <version>4.0.0</version>
    <url>https://www.github.com/muddygs</url>
    <author>Merrill Squiers/Michael Richey</author>
    <authorEmail>muddygs@gmail.com</authorEmail>
    <authorUrl>https://www.github.com/muddygs</authorUrl>
    <description>Authentication - Email authentication for Joomla 4</description>
    <files folder="packages">
        <file type="plugin" id="email" group="system">plg_system_emailx-4.0.0.zip</file>
        <file type="plugin" id="email" group="authentication">plg_auth_emailx-4.0.0.zip</file>
    </files>
    <updateservers>
        <server type="extension" priority="1" name="Update Site">https://raw.githubusercontent.com/muddygs/plg_authentication_emailx/main/updates/authemail.xml</server>
    </updateservers>
</extension>
